{"cameraMode":{"drawMode":0,"name":"Shaded","section":"Shading Mode"},"sceneLighting":true,"audioPlay":false,"sceneViewState":{"m_AlwaysRefresh":false,"showFog":true,"showSkybox":true,"showFlares":true,"showImageEffects":true,"showParticleSystems":true,"showVisualEffectGraphs":true,"m_FxEnabled":true},"in2DMode":false,"pivot":{"x":-31.349349975585939,"y":5.815559387207031,"z":24.551414489746095},"rotation":{"x":0.6244213581085205,"y":0.0035144714638590814,"z":-0.0028103189542889597,"w":0.7810757160186768},"size":84.93932342529297,"orthographic":true}