{"cameraMode":{"drawMode":0,"name":"Shaded","section":"Shading Mode"},"sceneLighting":false,"audioPlay":false,"sceneViewState":{"m_AlwaysRefresh":false,"showFog":true,"showSkybox":false,"showFlares":true,"showImageEffects":true,"showParticleSystems":true,"showVisualEffectGraphs":true,"m_FxEnabled":true},"in2DMode":false,"pivot":{"x":0.9229141473770142,"y":0.8397220373153687,"z":-1.2399998903274537},"rotation":{"x":0.19976571202278138,"y":0.23005788028240205,"z":-0.04831399396061897,"w":0.9512287378311157},"size":2.3937385082244875,"orthographic":true}